-- phpMyAdmin SQL Dump
-- version 5.2.1
-- https://www.phpmyadmin.net/
--
-- Host: 127.0.0.1
-- Generation Time: Oct 31, 2023 at 04:15 PM
-- Server version: 10.4.28-MariaDB
-- PHP Version: 8.0.0

SET SQL_MODE = "NO_AUTO_VALUE_ON_ZERO";
START TRANSACTION;
SET time_zone = "+00:00";


/*!40101 SET @OLD_CHARACTER_SET_CLIENT=@@CHARACTER_SET_CLIENT */;
/*!40101 SET @OLD_CHARACTER_SET_RESULTS=@@CHARACTER_SET_RESULTS */;
/*!40101 SET @OLD_COLLATION_CONNECTION=@@COLLATION_CONNECTION */;
/*!40101 SET NAMES utf8mb4 */;

--
-- Database: `queue`
--

-- --------------------------------------------------------

--
-- Table structure for table `antrian`
--

CREATE TABLE `antrian` (
  `id` int(11) NOT NULL,
  `nasabah_id` int(11) NOT NULL,
  `petugas_id` int(11) NOT NULL,
  `called` tinyint(1) NOT NULL DEFAULT 0,
  `created_at` datetime DEFAULT NULL,
  `updated_at` datetime DEFAULT NULL
) ENGINE=InnoDB DEFAULT CHARSET=utf8mb4 COLLATE=utf8mb4_general_ci;

--
-- Dumping data for table `antrian`
--

INSERT INTO `antrian` (`id`, `nasabah_id`, `petugas_id`, `called`, `created_at`, `updated_at`) VALUES
(2, 24, 1, 1, '2023-10-31 02:43:00', '2023-10-31 14:58:46'),
(3, 25, 1, 1, '2023-10-31 02:43:27', '2023-10-31 15:01:52'),
(4, 26, 2, 1, '2023-10-31 02:43:40', '2023-10-31 15:05:33'),
(5, 27, 2, 1, '2023-10-31 02:52:39', '2023-10-31 15:05:35'),
(6, 28, 2, 1, '2023-10-31 02:53:10', '2023-10-31 15:05:37'),
(7, 29, 1, 1, '2023-10-31 03:39:13', '2023-10-31 15:04:10'),
(8, 30, 1, 1, '2023-10-31 04:00:53', '2023-10-31 15:04:33'),
(9, 31, 1, 1, '2023-10-31 04:01:35', '2023-10-31 15:10:28'),
(10, 32, 1, 0, '2023-10-31 04:02:20', '2023-10-31 04:02:20'),
(11, 33, 1, 0, '2023-10-31 04:05:15', '2023-10-31 04:05:15'),
(12, 34, 1, 0, '2023-10-31 04:06:27', '2023-10-31 04:06:27'),
(13, 35, 1, 0, '2023-10-31 04:08:34', '2023-10-31 04:08:34'),
(14, 36, 1, 0, '2023-10-31 04:10:05', '2023-10-31 04:10:05'),
(15, 37, 1, 0, '2023-10-31 04:10:22', '2023-10-31 04:10:22'),
(16, 38, 1, 0, '2023-10-31 04:16:12', '2023-10-31 04:16:12'),
(17, 39, 1, 0, '2023-10-31 04:17:33', '2023-10-31 04:17:33'),
(18, 40, 2, 1, '2023-10-31 04:18:11', '2023-10-31 15:10:37'),
(19, 41, 1, 0, '2023-10-31 04:23:09', '2023-10-31 04:23:09'),
(20, 42, 2, 0, '2023-10-31 04:23:18', '2023-10-31 04:23:18'),
(21, 43, 1, 0, '2023-10-31 04:23:32', '2023-10-31 04:23:32'),
(22, 44, 1, 0, '2023-10-31 04:24:15', '2023-10-31 04:24:15'),
(23, 45, 1, 0, '2023-10-31 04:25:18', '2023-10-31 04:25:18'),
(24, 46, 1, 0, '2023-10-31 04:25:47', '2023-10-31 04:25:47'),
(25, 47, 1, 0, '2023-10-31 04:25:58', '2023-10-31 04:25:58'),
(26, 48, 1, 0, '2023-10-31 04:26:53', '2023-10-31 04:26:53'),
(27, 49, 1, 0, '2023-10-31 04:27:49', '2023-10-31 04:27:49'),
(28, 50, 1, 0, '2023-10-31 04:28:22', '2023-10-31 04:28:22'),
(29, 51, 1, 0, '2023-10-31 04:30:43', '2023-10-31 04:30:43'),
(30, 52, 1, 0, '2023-10-31 07:17:41', '2023-10-31 07:17:41'),
(31, 53, 1, 0, '2023-10-31 07:18:32', '2023-10-31 07:18:32'),
(32, 57, 1, 0, '2023-10-31 07:21:23', '2023-10-31 07:21:23'),
(33, 58, 1, 0, '2023-10-31 07:23:07', '2023-10-31 07:23:07'),
(34, 59, 1, 0, '2023-10-31 07:26:35', '2023-10-31 07:26:35'),
(35, 60, 1, 0, '2023-10-31 07:35:21', '2023-10-31 07:35:21'),
(36, 61, 2, 0, '2023-10-31 07:36:02', '2023-10-31 07:36:02'),
(37, 62, 1, 0, '2023-10-31 07:37:04', '2023-10-31 07:37:04'),
(38, 63, 1, 0, '2023-10-31 07:41:15', '2023-10-31 07:41:15'),
(39, 64, 1, 0, '2023-10-31 07:54:24', '2023-10-31 07:54:24'),
(40, 65, 1, 0, '2023-10-31 07:55:05', '2023-10-31 07:55:05'),
(41, 66, 1, 0, '2023-10-31 07:56:17', '2023-10-31 07:56:17'),
(42, 67, 1, 0, '2023-10-31 07:57:21', '2023-10-31 07:57:21'),
(43, 68, 1, 0, '2023-10-31 07:59:10', '2023-10-31 07:59:10'),
(44, 69, 1, 0, '2023-10-31 08:00:22', '2023-10-31 08:00:22'),
(45, 70, 1, 0, '2023-10-31 08:01:33', '2023-10-31 08:01:33'),
(46, 71, 2, 0, '2023-10-31 08:02:28', '2023-10-31 08:02:28'),
(47, 72, 2, 0, '2023-10-31 08:03:43', '2023-10-31 08:03:43'),
(48, 73, 1, 0, '2023-10-31 08:35:23', '2023-10-31 08:35:23');

-- --------------------------------------------------------

--
-- Table structure for table `nasabah`
--

CREATE TABLE `nasabah` (
  `id` int(11) NOT NULL,
  `nama` varchar(255) NOT NULL,
  `no_telepon` varchar(255) NOT NULL,
  `created_at` datetime DEFAULT NULL,
  `updated_at` datetime DEFAULT NULL
) ENGINE=InnoDB DEFAULT CHARSET=utf8mb4 COLLATE=utf8mb4_general_ci;

--
-- Dumping data for table `nasabah`
--

INSERT INTO `nasabah` (`id`, `nama`, `no_telepon`, `created_at`, `updated_at`) VALUES
(1, 'Budi', '081234567', NULL, NULL),
(2, 'Ria', '0812', '2023-10-31 01:43:43', '2023-10-31 01:43:43'),
(3, 'Ria', '0812', '2023-10-31 01:44:17', '2023-10-31 01:44:17'),
(4, 'Ria', '0812', '2023-10-31 01:44:54', '2023-10-31 01:44:54'),
(5, 'Ria', '0812', '2023-10-31 01:50:12', '2023-10-31 01:50:12'),
(6, 'Ria', '0812', '2023-10-31 01:50:18', '2023-10-31 01:50:18'),
(7, 'Ria', '0812', '2023-10-31 01:51:45', '2023-10-31 01:51:45'),
(8, 'Ria', '0812', '2023-10-31 01:52:00', '2023-10-31 01:52:00'),
(9, 'Ria', '0812', '2023-10-31 01:58:27', '2023-10-31 01:58:27'),
(10, 'Rian', '0812', '2023-10-31 01:58:40', '2023-10-31 01:58:40'),
(11, 'Ria', '0812', '2023-10-31 01:59:25', '2023-10-31 01:59:25'),
(12, 'Rian', '0812', '2023-10-31 02:00:08', '2023-10-31 02:00:08'),
(13, 'Rian', '0812', '2023-10-31 02:01:28', '2023-10-31 02:01:28'),
(14, 'Ria', '0812', '2023-10-31 02:02:42', '2023-10-31 02:02:42'),
(15, 'Ria', '0812', '2023-10-31 02:09:54', '2023-10-31 02:09:54'),
(16, 'Ria', '0812', '2023-10-31 02:10:23', '2023-10-31 02:10:23'),
(17, 'Ria', '0812', '2023-10-31 02:10:39', '2023-10-31 02:10:39'),
(18, 'Ria', '0812', '2023-10-31 02:26:42', '2023-10-31 02:26:42'),
(19, 'Ria', '0812', '2023-10-31 02:27:37', '2023-10-31 02:27:37'),
(20, 'Ria', '0812', '2023-10-31 02:28:42', '2023-10-31 02:28:42'),
(21, 'Ria', '0812', '2023-10-31 02:41:07', '2023-10-31 02:41:07'),
(22, 'Ria', '0812', '2023-10-31 02:41:12', '2023-10-31 02:41:12'),
(23, 'Rian', '0812', '2023-10-31 02:41:24', '2023-10-31 02:41:24'),
(24, 'Ria', '0812', '2023-10-31 02:42:59', '2023-10-31 02:42:59'),
(25, 'Rian', '0812', '2023-10-31 02:43:26', '2023-10-31 02:43:26'),
(26, 'Ria', '0812', '2023-10-31 02:43:39', '2023-10-31 02:43:39'),
(27, 'Riana', '0812', '2023-10-31 02:52:38', '2023-10-31 02:52:38'),
(28, 'Rianto', '0812', '2023-10-31 02:53:08', '2023-10-31 02:53:08'),
(29, 'Ria', '0812', '2023-10-31 03:39:12', '2023-10-31 03:39:12'),
(30, 'Rian', '0812', '2023-10-31 04:00:52', '2023-10-31 04:00:52'),
(31, 'Rian', '0812', '2023-10-31 04:01:34', '2023-10-31 04:01:34'),
(32, 'Ria', '0812', '2023-10-31 04:02:19', '2023-10-31 04:02:19'),
(33, 'Ria', '0812', '2023-10-31 04:05:14', '2023-10-31 04:05:14'),
(34, 'Rian', '0812', '2023-10-31 04:06:26', '2023-10-31 04:06:26'),
(35, 'Rian', '0812', '2023-10-31 04:08:33', '2023-10-31 04:08:33'),
(36, 'Riana', '', '2023-10-31 04:10:04', '2023-10-31 04:10:04'),
(37, 'Riana', '0812', '2023-10-31 04:10:22', '2023-10-31 04:10:22'),
(38, 'Rian', '0812', '2023-10-31 04:16:11', '2023-10-31 04:16:11'),
(39, 'Rian', '0812', '2023-10-31 04:17:33', '2023-10-31 04:17:33'),
(40, 'Riana', '0812', '2023-10-31 04:18:10', '2023-10-31 04:18:10'),
(41, 'Riana', '0812', '2023-10-31 04:23:08', '2023-10-31 04:23:08'),
(42, 'Rianto', '0812', '2023-10-31 04:23:17', '2023-10-31 04:23:17'),
(43, 'Ria', '0812', '2023-10-31 04:23:31', '2023-10-31 04:23:31'),
(44, 'Ria', '0812', '2023-10-31 04:24:14', '2023-10-31 04:24:14'),
(45, 'Ria', '', '2023-10-31 04:25:18', '2023-10-31 04:25:18'),
(46, 'Ria', '0812', '2023-10-31 04:25:46', '2023-10-31 04:25:46'),
(47, 'Riana', '', '2023-10-31 04:25:57', '2023-10-31 04:25:57'),
(48, 'Riana', '0812', '2023-10-31 04:26:52', '2023-10-31 04:26:52'),
(49, 'Ria', '0812', '2023-10-31 04:27:48', '2023-10-31 04:27:48'),
(50, 'Ria', '0812', '2023-10-31 04:28:21', '2023-10-31 04:28:21'),
(51, 'Rian', '0812', '2023-10-31 04:30:42', '2023-10-31 04:30:42'),
(52, 'Ria', '0812', '2023-10-31 07:17:40', '2023-10-31 07:17:40'),
(53, 'Ria', '0812', '2023-10-31 07:18:31', '2023-10-31 07:18:31'),
(54, 'Ria', '0812', '2023-10-31 07:20:30', '2023-10-31 07:20:30'),
(55, 'Ria', '0812', '2023-10-31 07:20:32', '2023-10-31 07:20:32'),
(56, 'Ria', '0812', '2023-10-31 07:21:01', '2023-10-31 07:21:01'),
(57, 'Ria', '0812', '2023-10-31 07:21:13', '2023-10-31 07:21:13'),
(58, 'Ria', '0812', '2023-10-31 07:23:06', '2023-10-31 07:23:06'),
(59, 'Riana', '0812', '2023-10-31 07:26:34', '2023-10-31 07:26:34'),
(60, 'Riana', '0812', '2023-10-31 07:35:20', '2023-10-31 07:35:20'),
(61, 'Riana', '0812', '2023-10-31 07:36:01', '2023-10-31 07:36:01'),
(62, 'Rian', '0812', '2023-10-31 07:37:03', '2023-10-31 07:37:03'),
(63, 'Rianto', '0812', '2023-10-31 07:41:14', '2023-10-31 07:41:14'),
(64, 'Ria', '0812', '2023-10-31 07:54:23', '2023-10-31 07:54:23'),
(65, 'Rian', '0812', '2023-10-31 07:55:04', '2023-10-31 07:55:04'),
(66, 'Ria', '', '2023-10-31 07:56:16', '2023-10-31 07:56:16'),
(67, 'Rian', '', '2023-10-31 07:57:20', '2023-10-31 07:57:20'),
(68, 'Ria', '', '2023-10-31 07:59:08', '2023-10-31 07:59:08'),
(69, 'Riana', '', '2023-10-31 08:00:21', '2023-10-31 08:00:21'),
(70, 'Rianto', '0812', '2023-10-31 08:01:32', '2023-10-31 08:01:32'),
(71, 'Rianto', '0812', '2023-10-31 08:02:27', '2023-10-31 08:02:27'),
(72, 'Rianto', '0812', '2023-10-31 08:03:42', '2023-10-31 08:03:42'),
(73, 'Ria', '', '2023-10-31 08:35:22', '2023-10-31 08:35:22');

-- --------------------------------------------------------

--
-- Table structure for table `petugas`
--

CREATE TABLE `petugas` (
  `id` int(11) NOT NULL,
  `role` varchar(255) NOT NULL,
  `password` varchar(255) NOT NULL,
  `created_at` datetime DEFAULT NULL,
  `updated_at` datetime DEFAULT NULL
) ENGINE=InnoDB DEFAULT CHARSET=utf8mb4 COLLATE=utf8mb4_general_ci;

--
-- Dumping data for table `petugas`
--

INSERT INTO `petugas` (`id`, `role`, `password`, `created_at`, `updated_at`) VALUES
(1, 'teller', '12345', NULL, NULL),
(2, 'cs', '12345', NULL, NULL);

--
-- Indexes for dumped tables
--

--
-- Indexes for table `antrian`
--
ALTER TABLE `antrian`
  ADD PRIMARY KEY (`id`),
  ADD KEY `nasabah_id` (`nasabah_id`,`petugas_id`),
  ADD KEY `petugas_id` (`petugas_id`);

--
-- Indexes for table `nasabah`
--
ALTER TABLE `nasabah`
  ADD PRIMARY KEY (`id`);

--
-- Indexes for table `petugas`
--
ALTER TABLE `petugas`
  ADD PRIMARY KEY (`id`);

--
-- AUTO_INCREMENT for dumped tables
--

--
-- AUTO_INCREMENT for table `antrian`
--
ALTER TABLE `antrian`
  MODIFY `id` int(11) NOT NULL AUTO_INCREMENT, AUTO_INCREMENT=49;

--
-- AUTO_INCREMENT for table `nasabah`
--
ALTER TABLE `nasabah`
  MODIFY `id` int(11) NOT NULL AUTO_INCREMENT, AUTO_INCREMENT=74;

--
-- AUTO_INCREMENT for table `petugas`
--
ALTER TABLE `petugas`
  MODIFY `id` int(11) NOT NULL AUTO_INCREMENT, AUTO_INCREMENT=3;

--
-- Constraints for dumped tables
--

--
-- Constraints for table `antrian`
--
ALTER TABLE `antrian`
  ADD CONSTRAINT `antrian_ibfk_1` FOREIGN KEY (`nasabah_id`) REFERENCES `nasabah` (`id`) ON DELETE CASCADE ON UPDATE CASCADE,
  ADD CONSTRAINT `antrian_ibfk_2` FOREIGN KEY (`petugas_id`) REFERENCES `petugas` (`id`) ON DELETE CASCADE ON UPDATE CASCADE;
COMMIT;

/*!40101 SET CHARACTER_SET_CLIENT=@OLD_CHARACTER_SET_CLIENT */;
/*!40101 SET CHARACTER_SET_RESULTS=@OLD_CHARACTER_SET_RESULTS */;
/*!40101 SET COLLATION_CONNECTION=@OLD_COLLATION_CONNECTION */;
